t,step_sign,goal_deg_left_knee,pos_deg_left_knee,cur_A_left_knee,vel_rads_left_knee,torque_en_left_knee,hw_err_left_knee
0.0073,1,-97.900,-92.812,0.0000,0.0000,1,1
0.0653,1,-97.900,-97.383,0.2233,-0.9592,1,1
0.1214,1,-97.900,-97.559,-0.0673,-0.4317,1,1
0.1773,1,-97.900,-97.559,-0.0619,0.0000,1,1
0.2333,1,-97.900,-97.559,-0.0646,0.0000,1,1
0.2894,1,-97.900,-97.559,-0.0699,0.0000,1,1
0.3453,1,-97.900,-97.559,-0.0726,0.0000,1,1
0.4013,1,-97.900,-97.559,-0.0673,0.0000,1,1
0.4573,1,-97.900,-97.559,-0.0538,0.0000,1,1
0.5133,1,-97.900,-97.559,-0.0646,0.0000,1,1
0.5693,1,-97.900,-97.559,-0.0673,0.0000,1,1
0.6253,1,-97.900,-97.559,-0.0673,0.0000,1,1
0.6813,1,-97.900,-97.559,-0.0673,0.0000,1,1
0.7373,1,-97.900,-97.559,-0.0699,0.0000,1,1
0.7937,1,-97.900,-97.559,-0.0699,0.0000,1,1
0.8513,1,-97.900,-97.559,-0.0673,0.0000,1,1
0.9074,1,-97.900,-97.559,-0.0646,0.0000,1,1
0.9633,1,-97.900,-97.559,-0.0646,0.0000,1,1
1.0193,1,-97.900,-97.559,-0.0753,0.0000,1,1
1.0753,1,-97.900,-97.559,-0.0646,0.0000,1,1
1.1313,1,-97.900,-97.559,-0.0646,0.0000,1,1
1.1873,1,-97.900,-97.559,-0.0646,0.0000,1,1
1.2433,1,-97.900,-97.559,-0.0646,0.0000,1,1
1.2993,1,-97.900,-97.559,-0.0646,0.0000,1,1
1.3553,1,-97.900,-97.559,-0.0673,0.0000,1,1
1.4117,1,-97.900,-97.559,-0.0673,0.0000,1,1
1.4693,1,-97.900,-97.559,-0.0673,0.0000,1,1
1.5273,-1,-137.900,-97.559,-0.0592,0.0000,1,1
1.5833,-1,-137.900,-109.688,-0.1560,-2.1583,1,1
1.6392,-1,-137.900,-119.092,-0.2286,-3.7410,1,1
1.6973,-1,-137.900,-119.180,-0.1426,-0.8633,1,1
1.7532,-1,-137.900,-119.268,-0.1453,-0.0240,1,1
1.8092,-1,-137.900,-119.268,-0.1426,0.0000,1,1
1.8652,-1,-137.900,-119.268,-0.1506,0.0000,1,1
1.9213,-1,-137.900,-119.268,-0.1533,0.0000,1,1
1.9772,-1,-137.900,-119.268,-0.1372,0.0000,1,1
2.0337,-1,-137.900,-119.180,-0.1399,0.0000,1,1
2.0912,-1,-137.900,-119.180,-0.1479,0.0000,1,1
2.1472,-1,-137.900,-119.180,-0.1506,0.0000,1,1
2.2032,-1,-137.900,-119.180,-0.1345,0.0000,1,1
2.2596,-1,-137.900,-119.268,-0.1479,0.0000,1,1
2.3178,-1,-137.900,-119.268,-0.1453,0.0000,1,1
2.3756,-1,-137.900,-119.180,-0.1560,0.0000,1,1
2.4333,-1,-137.900,-119.180,-0.1453,0.0000,1,1
2.4899,-1,-137.900,-119.180,-0.1399,0.0000,1,1
2.5472,-1,-137.900,-119.180,-0.1318,0.0000,1,1
2.6032,-1,-137.900,-119.180,-0.1506,0.0000,1,1
2.6592,-1,-137.900,-119.180,-0.1453,0.0000,1,1
2.7152,-1,-137.900,-119.180,-0.1533,0.0000,1,1
2.7712,-1,-137.900,-119.180,-0.1560,0.0000,1,1
2.8272,-1,-137.900,-119.180,-0.1345,0.0000,1,1
2.8832,-1,-137.900,-119.268,-0.1453,0.0000,1,1
2.9392,-1,-137.900,-119.180,-0.1506,0.0000,1,1
2.9952,-1,-137.900,-119.180,-0.1479,0.0000,1,1
3.0532,0,-117.900,-119.180,-0.1426,0.0000,1,1
3.1092,0,-117.900,-117.686,-0.0296,0.3357,1,1
3.1652,0,-117.900,-117.686,-0.0404,0.0719,1,1
3.2212,0,-117.900,-117.686,-0.0350,0.0000,1,1
3.2772,0,-117.900,-117.686,-0.0323,0.0000,1,1
3.3332,0,-117.900,-117.686,-0.0323,0.0000,1,1
3.3892,0,-117.900,-117.686,-0.0430,0.0000,1,1
3.4452,0,-117.900,-117.686,-0.0323,0.0000,1,1
3.5032,0,-117.900,-117.686,-0.0350,0.0000,1,1
3.5612,0,-117.900,-117.686,-0.0350,0.0000,1,1
3.6172,0,-117.900,-117.686,-0.0350,0.0000,1,1
3.6732,0,-117.900,-117.686,-0.0323,0.0000,1,1
3.7292,0,-117.900,-117.686,-0.0323,0.0000,1,1
3.7851,0,-117.900,-117.686,-0.0323,0.0000,1,1
3.8412,0,-117.900,-117.686,-0.0323,0.0000,1,1
3.8991,0,-117.900,-117.686,-0.0404,0.0000,1,1
3.9551,0,-117.900,-117.686,-0.0350,0.0000,1,1
4.0111,0,-117.900,-117.686,-0.0269,0.0000,1,1
4.0671,0,-117.900,-117.686,-0.0350,0.0000,1,1
4.1231,0,-117.900,-117.686,-0.0350,0.0000,1,1
4.1791,0,-117.900,-117.686,-0.0323,0.0000,1,1
4.2351,0,-117.900,-117.686,-0.0377,0.0000,1,1
4.2911,0,-117.900,-117.686,-0.0350,0.0000,1,1
4.3471,0,-117.900,-117.598,-0.0296,0.0000,1,1
4.4031,0,-117.900,-117.686,-0.0323,0.0000,1,1
4.4591,0,-117.900,-117.686,-0.0323,0.0000,1,1
4.5151,0,-117.900,-117.686,-0.0377,0.0000,1,1
4.5731,1,-97.900,-117.686,-0.0350,0.0000,1,1
4.6291,1,-97.900,-104.766,0.0108,2.2782,1,1
4.6851,1,-97.900,-97.295,-0.1022,3.5252,1,1
4.7411,1,-97.900,-97.471,-0.0888,0.5276,1,1
4.7971,1,-97.900,-97.471,-0.0834,0.0000,1,1
4.8551,1,-97.900,-97.471,-0.0915,0.0000,1,1
4.9132,1,-97.900,-97.471,-0.0861,0.0000,1,1
4.9691,1,-97.900,-97.383,-0.0861,0.0000,1,1
5.0251,1,-97.900,-97.471,-0.0888,0.0000,1,1
5.0811,1,-97.900,-97.471,-0.0807,0.0000,1,1
5.1371,1,-97.900,-97.471,-0.0807,0.0000,1,1
5.1936,1,-97.900,-97.471,-0.0888,0.0000,1,1
5.2515,1,-97.900,-97.383,-0.0834,0.0000,1,1
5.3090,1,-97.900,-97.471,-0.0968,0.0000,1,1
5.3650,1,-97.900,-97.383,-0.0861,0.0000,1,1
5.4230,1,-97.900,-97.471,-0.0861,0.0000,1,1
5.4790,1,-97.900,-97.471,-0.0995,0.0000,1,1
5.5350,1,-97.900,-97.471,-0.0834,0.0000,1,1
5.5910,1,-97.900,-97.471,-0.0834,0.0000,1,1
5.6470,1,-97.900,-97.471,-0.0834,0.0000,1,1
5.7030,1,-97.900,-97.471,-0.0834,0.0000,1,1
5.7590,1,-97.900,-97.471,-0.0861,0.0000,1,1
5.8150,1,-97.900,-97.471,-0.0861,0.0000,1,1
5.8730,1,-97.900,-97.471,-0.0888,0.0000,1,1
5.9310,1,-97.900,-97.471,-0.0834,0.0000,1,1
5.9891,1,-97.900,-97.471,-0.0888,0.0000,1,1
6.0450,1,-97.900,-97.471,-0.0861,0.0000,1,1
6.1030,-1,-137.900,-97.471,-0.0941,0.0000,1,1
6.1610,-1,-137.900,-109.775,-0.1506,-2.2542,1,1
6.2170,-1,-137.900,-119.355,-0.1103,-3.7170,1,1
6.2730,-1,-137.900,-119.443,-0.0941,-0.8153,1,1
6.3290,-1,-137.900,-119.443,-0.0995,-0.0240,1,1
6.3850,-1,-137.900,-119.443,-0.0995,0.0000,1,1
6.4430,-1,-137.900,-119.443,-0.0941,0.0000,1,1
6.4990,-1,-137.900,-119.443,-0.0995,0.0000,1,1
6.5550,-1,-137.900,-119.443,-0.1022,0.0000,1,1
6.6110,-1,-137.900,-119.443,-0.1049,0.0000,1,1
6.6690,-1,-137.900,-119.443,-0.0995,0.0000,1,1
6.7273,-1,-137.900,-119.443,-0.1022,0.0000,1,1
6.7850,-1,-137.900,-119.443,-0.1022,0.0000,1,1
6.8410,-1,-137.900,-119.443,-0.0995,0.0000,1,1
6.8990,-1,-137.900,-119.443,-0.1022,0.0000,1,1
6.9570,-1,-137.900,-119.443,-0.1022,0.0000,1,1
7.0130,-1,-137.900,-119.443,-0.0968,0.0000,1,1
7.0689,-1,-137.900,-119.443,-0.1022,0.0000,1,1
7.1249,-1,-137.900,-119.355,-0.1049,0.0000,1,1
7.1809,-1,-137.900,-119.443,-0.1022,0.0000,1,1
7.2369,-1,-137.900,-119.443,-0.1022,0.0000,1,1
7.2929,-1,-137.900,-119.443,-0.0995,0.0000,1,1
7.3489,-1,-137.900,-119.443,-0.0995,0.0000,1,1
7.4069,-1,-137.900,-119.443,-0.1076,0.0000,1,1
7.4649,-1,-137.900,-119.443,-0.1022,0.0000,1,1
7.5209,-1,-137.900,-119.443,-0.1049,0.0000,1,1
7.5769,-1,-137.900,-119.443,-0.0888,0.0000,1,1
7.6369,0,-117.900,-119.443,-0.1103,0.0000,1,1
7.6929,0,-117.900,-117.598,-0.0484,0.4317,1,1
7.7489,0,-117.900,-117.598,-0.0457,0.0959,1,1
7.8049,0,-117.900,-117.598,-0.0511,0.0000,1,1
7.8629,0,-117.900,-117.598,-0.0404,0.0000,1,1
7.9209,0,-117.900,-117.598,-0.0269,0.0000,1,1
7.9789,0,-117.900,-117.598,-0.0538,0.0000,1,1
8.0349,0,-117.900,-117.598,-0.0484,0.0000,1,1
8.0909,0,-117.900,-117.686,-0.0350,0.0000,1,1
8.1469,0,-117.900,-117.686,-0.0350,0.0000,1,1
8.2049,0,-117.900,-117.598,-0.0484,0.0000,1,1
8.2634,0,-117.900,-117.598,-0.0430,0.0000,1,1
8.3209,0,-117.900,-117.598,-0.0457,0.0000,1,1
8.3789,0,-117.900,-117.598,-0.0377,0.0000,1,1
8.4389,0,-117.900,-117.686,-0.0538,0.0000,1,1
8.4969,0,-117.900,-117.686,-0.0404,0.0000,1,1
8.5529,0,-117.900,-117.598,-0.0484,0.0000,1,1
8.6089,0,-117.900,-117.686,-0.0457,0.0000,1,1
8.6648,0,-117.900,-117.598,-0.0350,0.0000,1,1
8.7209,0,-117.900,-117.686,-0.0484,0.0000,1,1
8.7768,0,-117.900,-117.598,-0.0484,0.0000,1,1
8.8329,0,-117.900,-117.598,-0.0538,0.0000,1,1
8.8909,0,-117.900,-117.598,-0.0404,0.0000,1,1
8.9488,0,-117.900,-117.598,-0.0404,0.0000,1,1
9.0068,0,-117.900,-117.598,-0.0457,0.0000,1,1
9.0648,0,-117.900,-117.598,-0.0511,0.0000,1,1
9.1208,0,-117.900,-117.686,-0.0296,0.0000,1,1
